{
  "project_info": {
    "project_number": "680960180015",
    "project_id": "trinequiz",
    "storage_bucket": "trinequiz.appspot.com"
  },
  "client": [
    {
      "client_info": {
        "mobilesdk_app_id": "1:680960180015:android:a01258e23a73106bc42bda",
        "android_client_info": {
          "package_name": "com.example.friendsapp"
        }
      },
      "oauth_client": [
        {
          "client_id": "680960180015-tli8gvgv3u5v24e5ro50r3q5ld0bdg81.apps.googleusercontent.com",
          "client_type": 3
        }
      ],
      "api_key": [
        {
          "current_key": "AIzaSyBzk__5ZZJHoTVL9Bm0aCSTyj2EH1DutEw"
        }
      ],
      "services": {
        "appinvite_service": {
          "other_platform_oauth_client": [
            {
              "client_id": "680960180015-tli8gvgv3u5v24e5ro50r3q5ld0bdg81.apps.googleusercontent.com",
              "client_type": 3
            }
          ]
        }
      }
    }
  ],
  "configuration_version": "1"
}